{"accuracy": 0.85546875, "threshold": 0.2, "precision": 0.4716981132075472, "recall": 0.7352941176470589, "f1_score": 0.5747126436781609, "roc_auc": 0.8863937466878644, "pr_auc": 0.5878141744584053, "confusion_matrix": [[194, 28], [9, 25]]}